seed,model,features,domain,auc,log_loss
11,linear + missing flags,all,IID,0.9788170633678579,0.18642816216209615
11,linear + missing flags,all,shifted,0.09810612728232866,2.9209864860456536
11,histogram boosting,all,IID,0.9762997417766901,0.1990952212332091
11,histogram boosting,all,shifted,0.10595881362471751,3.26369117780408
11,linear + missing flags,stable only,IID,0.8333019149783747,0.5005485987410108
11,linear + missing flags,stable only,shifted,0.7573130530796434,0.603160716532057
11,histogram boosting,stable only,IID,0.8349660503926701,0.49737937214642547
11,histogram boosting,stable only,shifted,0.7647407893403316,0.5984825552465024
22,linear + missing flags,all,IID,0.9796306304544541,0.18194242942215988
22,linear + missing flags,all,shifted,0.12291675556124482,2.7590147154215265
22,histogram boosting,all,IID,0.9769826257468903,0.19390096515521213
22,histogram boosting,all,shifted,0.12480843218410423,3.0580775031789544
22,linear + missing flags,stable only,IID,0.8411250508889794,0.4923195039971314
22,linear + missing flags,stable only,shifted,0.7822465082209706,0.57861299985781
22,histogram boosting,stable only,IID,0.8426432758102682,0.4924189851037922
22,histogram boosting,stable only,shifted,0.7754385169539739,0.5870825449508598
33,linear + missing flags,all,IID,0.9772008140659927,0.19279377673334713
33,linear + missing flags,all,shifted,0.1119352321081104,2.9509279430241326
33,histogram boosting,all,IID,0.976221265805892,0.20129181997233878
33,histogram boosting,all,shifted,0.10952167126392541,3.4253292079845425
33,linear + missing flags,stable only,IID,0.831607557913233,0.5037166373430572
33,linear + missing flags,stable only,shifted,0.7852260497074148,0.5818439360852125
33,histogram boosting,stable only,IID,0.8302080761574305,0.5074081474030162
33,histogram boosting,stable only,shifted,0.7756894106243006,0.5980944569284917
